<profile version="1.0">
  <option name="myName" value="Default" />
  <inspection_tool class="Json5StandardCompliance" enabled="false" level="ERROR" enabled_by_default="false" />
  <inspection_tool class="JsonStandardCompliance" enabled="false" level="ERROR" enabled_by_default="false" />
  <inspection_tool class="PyPackageRequirementsInspection" enabled="true" level="WARNING" enabled_by_default="true">
    <option name="ignoredPackages">
      <value>
        <list size="39">
          <item index="0" class="java.lang.String" itemvalue="pandas" />
          <item index="1" class="java.lang.String" itemvalue="jieba" />
          <item index="2" class="java.lang.String" itemvalue="emoji" />
          <item index="3" class="java.lang.String" itemvalue="numpy" />
          <item index="4" class="java.lang.String" itemvalue="openpyxl" />
          <item index="5" class="java.lang.String" itemvalue="gensim" />
          <item index="6" class="java.lang.String" itemvalue="python-crfsuite" />
          <item index="7" class="java.lang.String" itemvalue="bs4" />
          <item index="8" class="java.lang.String" itemvalue="fasttext" />
          <item index="9" class="java.lang.String" itemvalue="pytest" />
          <item index="10" class="java.lang.String" itemvalue="nltk" />
          <item index="11" class="java.lang.String" itemvalue="sklearn" />
          <item index="12" class="java.lang.String" itemvalue="wordcloud" />
          <item index="13" class="java.lang.String" itemvalue="torch" />
          <item index="14" class="java.lang.String" itemvalue="plotly" />
          <item index="15" class="java.lang.String" itemvalue="tflearn" />
          <item index="16" class="java.lang.String" itemvalue="tensorflow" />
          <item index="17" class="java.lang.String" itemvalue="selenium" />
          <item index="18" class="java.lang.String" itemvalue="matplotlib" />
          <item index="19" class="java.lang.String" itemvalue="Keras" />
          <item index="20" class="java.lang.String" itemvalue="msgpack" />
          <item index="21" class="java.lang.String" itemvalue="glove_python" />
          <item index="22" class="java.lang.String" itemvalue="easydl" />
          <item index="23" class="java.lang.String" itemvalue="tensorflow-gpu" />
          <item index="24" class="java.lang.String" itemvalue="scikit-learn" />
          <item index="25" class="java.lang.String" itemvalue="grpcio" />
          <item index="26" class="java.lang.String" itemvalue="harvesttext" />
          <item index="27" class="java.lang.String" itemvalue="protobuf" />
          <item index="28" class="java.lang.String" itemvalue="transformers" />
          <item index="29" class="java.lang.String" itemvalue="redis-py-cluster" />
          <item index="30" class="java.lang.String" itemvalue="paddlepaddle-gpu" />
          <item index="31" class="java.lang.String" itemvalue="paddlehub" />
          <item index="32" class="java.lang.String" itemvalue="pycorrector" />
          <item index="33" class="java.lang.String" itemvalue="torchvision" />
          <item index="34" class="java.lang.String" itemvalue="torchaudio" />
          <item index="35" class="java.lang.String" itemvalue="tqdm" />
          <item index="36" class="java.lang.String" itemvalue="boto3" />
          <item index="37" class="java.lang.String" itemvalue="pyahocorasick" />
          <item index="38" class="java.lang.String" itemvalue="xgboost" />
        </list>
      </value>
    </option>
  </inspection_tool>
</profile>