<application>
  <component name="FileTypeManager" version="17">
    <ignoreFiles list="*$py.class;*.hprof;*.pyc;*.pyo;*.rbc;*.yarb;*~;.DS_Store;.git;.hg;.svn;CVS;__pycache__;_svn;vssver.scc;vssver2.scc;" />
    <extensionMap>
      <mapping pattern="高等院校" type="PLAIN_TEXT" />
      <mapping pattern="浏览器点击title" type="PLAIN_TEXT" />
      <mapping pattern="test_predict_result" type="PLAIN_TEXT" />
      <mapping pattern="tmp_v1" type="PLAIN_TEXT" />
      <mapping pattern="up主" type="PLAIN_TEXT" />
      <mapping pattern="游戏皮肤" type="PLAIN_TEXT" />
      <mapping pattern="明星" type="PLAIN_TEXT" />
      <mapping pattern="游戏选手" type="PLAIN_TEXT" />
      <mapping pattern="排球运动员" type="PLAIN_TEXT" />
      <mapping pattern="导演" type="PLAIN_TEXT" />
      <mapping pattern="行政区划" type="PLAIN_TEXT" />
      <mapping pattern="filter_keys" type="PLAIN_TEXT" />
      <mapping pattern="log" type="PLAIN_TEXT" />
      <mapping pattern="足球运动员" type="PLAIN_TEXT" />
      <mapping pattern="游戏" type="PLAIN_TEXT" />
      <mapping pattern="品牌" type="PLAIN_TEXT" />
      <mapping pattern="主持人" type="PLAIN_TEXT" />
      <mapping pattern="电视剧" type="PLAIN_TEXT" />
      <mapping pattern="汽车" type="PLAIN_TEXT" />
      <mapping pattern="dict" type="PLAIN_TEXT" />
      <mapping pattern="language" type="PLAIN_TEXT" />
      <mapping pattern="游戏道具" type="PLAIN_TEXT" />
      <mapping pattern="游戏模式" type="PLAIN_TEXT" />
      <mapping pattern="人名" type="PLAIN_TEXT" />
      <mapping pattern="猫" type="PLAIN_TEXT" />
      <mapping pattern="LICENSE" type="PLAIN_TEXT" />
      <mapping pattern="short_video_tag_source_2021103101" type="PLAIN_TEXT" />
      <mapping pattern="角色bak" type="PLAIN_TEXT" />
      <mapping pattern="push_corpus_test" type="PLAIN_TEXT" />
      <mapping pattern="篮球运动员" type="PLAIN_TEXT" />
      <mapping pattern="景区" type="PLAIN_TEXT" />
      <mapping pattern="tmp" type="PLAIN_TEXT" />
      <mapping pattern="thuc_news_sample" type="PLAIN_TEXT" />
      <mapping pattern="游戏宠物" type="PLAIN_TEXT" />
      <mapping pattern="水果" type="PLAIN_TEXT" />
      <mapping pattern="动漫角色" type="PLAIN_TEXT" />
      <mapping pattern="角色" type="PLAIN_TEXT" />
      <mapping pattern=".__info.lock" type="PLAIN_TEXT" />
      <mapping pattern="军事" type="PLAIN_TEXT" />
      <mapping pattern="游戏地图" type="PLAIN_TEXT" />
      <mapping pattern="word_embedding" type="PLAIN_TEXT" />
      <mapping pattern="tmp名词" type="PLAIN_TEXT" />
      <mapping pattern="common_keywords_attributes_values_key" type="PLAIN_TEXT" />
      <mapping pattern="sogou_news_sample" type="PLAIN_TEXT" />
      <mapping pattern="音乐家" type="PLAIN_TEXT" />
      <mapping pattern="食品" type="PLAIN_TEXT" />
      <mapping pattern="all_keywords_collection" type="PLAIN_TEXT" />
      <mapping pattern="all_keywords_day90" type="PLAIN_TEXT" />
      <mapping pattern="足球球队" type="PLAIN_TEXT" />
      <mapping pattern="punctuation" type="PLAIN_TEXT" />
      <mapping pattern="专名" type="PLAIN_TEXT" />
      <mapping pattern="动漫" type="PLAIN_TEXT" />
      <mapping pattern="历史名人" type="PLAIN_TEXT" />
      <mapping pattern="行政区划地名" type="PLAIN_TEXT" />
      <mapping pattern="相声小品演员" type="PLAIN_TEXT" />
      <mapping pattern="军人日常.txt" type="PLAIN_TEXT" />
      <mapping pattern="all_keywords_day7" type="PLAIN_TEXT" />
      <mapping pattern="演员" type="PLAIN_TEXT" />
      <mapping pattern="电影" type="PLAIN_TEXT" />
      <mapping pattern="影视综艺" type="PLAIN_TEXT" />
      <mapping pattern="政府机构" type="PLAIN_TEXT" />
      <mapping pattern="tmp组织" type="PLAIN_TEXT" />
      <mapping pattern="专名强意图" type="PLAIN_TEXT" />
      <mapping pattern="tmp专名" type="PLAIN_TEXT" />
      <mapping pattern="狗" type="PLAIN_TEXT" />
      <mapping pattern="20200829164917_corpus_base_4_2" type="PLAIN_TEXT" />
      <mapping pattern="check_common_keywords_attributes_key" type="PLAIN_TEXT" />
      <mapping pattern="大学" type="PLAIN_TEXT" />
      <mapping pattern="疾病" type="PLAIN_TEXT" />
      <mapping pattern="oov_dict_update-20220617" type="PLAIN_TEXT" />
      <mapping pattern="音乐" type="PLAIN_TEXT" />
      <mapping pattern="篮球" type="PLAIN_TEXT" />
      <mapping pattern="运动员" type="PLAIN_TEXT" />
      <mapping pattern="readme" type="PLAIN_TEXT" />
      <mapping pattern="gen_proto_file" type="PLAIN_TEXT" />
      <mapping pattern="游戏主播" type="PLAIN_TEXT" />
      <mapping pattern="歌手" type="PLAIN_TEXT" />
      <mapping pattern="filter_keys_v3" type="PLAIN_TEXT" />
      <mapping pattern="filter_keys_v2" type="PLAIN_TEXT" />
      <mapping pattern="游戏角色" type="PLAIN_TEXT" />
      <mapping pattern="政治人物" type="PLAIN_TEXT" />
      <mapping pattern="知名人物" type="PLAIN_TEXT" />
      <mapping pattern="舞者" type="PLAIN_TEXT" />
      <mapping pattern="test_1" type="PLAIN_TEXT" />
      <mapping pattern="综艺" type="PLAIN_TEXT" />
      <mapping pattern="网红" type="PLAIN_TEXT" />
      <mapping pattern="data_description" type="PLAIN_TEXT" />
      <mapping ext="0_test_corpus_v3_0811" type="PLAIN_TEXT" />
      <mapping ext="0_test_corpus_v3_1208_filter" type="PLAIN_TEXT" />
      <mapping ext="0_test_corpus_v2_37-41_predict" type="PLAIN_TEXT" />
      <mapping ext="index" type="PLAIN_TEXT" />
      <mapping ext="0_test_corpus_v3_0915" type="PLAIN_TEXT" />
      <mapping ext="0_test_corpus_v2_45-48_predict" type="PLAIN_TEXT" />
      <mapping ext="0_test_corpus_v3_1112" type="PLAIN_TEXT" />
      <mapping ext="0_test_corpus_v3_0828" type="PLAIN_TEXT" />
      <mapping ext="0_test_corpus_v3_1020" type="PLAIN_TEXT" />
      <mapping ext="0_test_corpus_v3_0819" type="PLAIN_TEXT" />
      <mapping ext="scel" type="PLAIN_TEXT" />
      <mapping ext="0_test_corpus_v2_42-44_predict" type="PLAIN_TEXT" />
      <mapping ext="0_test_corpus_v3_0806" type="PLAIN_TEXT" />
      <mapping ext="0_test_corpus_v2_32-33_predict" type="PLAIN_TEXT" />
      <mapping ext="proto" type="PLAIN_TEXT" />
      <mapping ext="0_test_corpus_v3_predict_correction" type="PLAIN_TEXT" />
      <mapping ext="0_test_corpus_v2_30-31_predict" type="PLAIN_TEXT" />
      <mapping ext="npy" type="PLAIN_TEXT" />
      <mapping ext="0_test_corpus_v2_keywords" type="PLAIN_TEXT" />
      <mapping ext="0_test_corpus_v2_predict" type="PLAIN_TEXT" />
      <mapping ext="dict" type="PLAIN_TEXT" />
      <mapping ext="meta" type="PLAIN_TEXT" />
      <mapping ext="out" type="PLAIN_TEXT" />
      <mapping ext="0_test_corpus_v3_1208" type="PLAIN_TEXT" />
      <mapping ext="0_test_corpus_v3_1207" type="PLAIN_TEXT" />
      <mapping ext="config" type="PLAIN_TEXT" />
      <mapping ext="0_test_corpus_v2_34-36_predict" type="PLAIN_TEXT" />
      <mapping ext="tsv" type="PLAIN_TEXT" />
      <mapping ext="bak" type="PLAIN_TEXT" />
      <mapping ext="0_test_corpus_v3_keywords" type="PLAIN_TEXT" />
    </extensionMap>
  </component>
</application>