<application>
  <component name="ProjectJdkTable">
    <jdk version="2">
      <name value="Python 2.7" />
      <type value="Python SDK" />
      <version value="Python 2.7.16" />
      <homePath value="/usr/bin/python2.7" />
      <roots>
        <classPath>
          <root type="composite">
            <root url="file:///System/Library/Frameworks/Python.framework/Versions/2.7/lib/python2.7" type="simple" />
            <root url="file:///System/Library/Frameworks/Python.framework/Versions/2.7/lib/python2.7/plat-darwin" type="simple" />
            <root url="file:///System/Library/Frameworks/Python.framework/Versions/2.7/lib/python2.7/plat-mac" type="simple" />
            <root url="file:///System/Library/Frameworks/Python.framework/Versions/2.7/lib/python2.7/plat-mac/lib-scriptpackages" type="simple" />
            <root url="file:///System/Library/Frameworks/Python.framework/Versions/2.7/lib/python2.7/lib-tk" type="simple" />
            <root url="file:///System/Library/Frameworks/Python.framework/Versions/2.7/lib/python2.7/lib-dynload" type="simple" />
            <root url="file:///Library/Python/2.7/site-packages" type="simple" />
            <root url="file:///System/Library/Frameworks/Python.framework/Versions/2.7/Extras/lib/python" type="simple" />
            <root url="file:///System/Library/Frameworks/Python.framework/Versions/2.7/Extras/lib/python/PyObjC" type="simple" />
            <root url="file://$USER_HOME$/Library/Caches/JetBrains/PyCharm2020.1/python_stubs/-1247972723" type="simple" />
            <root url="file://$APPLICATION_HOME_DIR$/plugins/python/helpers/python-skeletons" type="simple" />
            <root url="file://$APPLICATION_HOME_DIR$/plugins/python/helpers/typeshed/stdlib/2" type="simple" />
            <root url="file://$APPLICATION_HOME_DIR$/plugins/python/helpers/typeshed/stdlib/2and3" type="simple" />
            <root url="file://$APPLICATION_HOME_DIR$/plugins/python/helpers/typeshed/third_party/2" type="simple" />
            <root url="file://$APPLICATION_HOME_DIR$/plugins/python/helpers/typeshed/third_party/2and3" type="simple" />
          </root>
        </classPath>
        <sourcePath>
          <root type="composite" />
        </sourcePath>
      </roots>
      <additional />
    </jdk>
    <jdk version="2">
      <name value="Python 3.7 (tensorflow)" />
      <type value="Python SDK" />
      <version value="Python 3.7.12" />
      <homePath value="$USER_HOME$/opt/anaconda3/envs/tensorflow/bin/python" />
      <roots>
        <classPath>
          <root type="composite">
            <root url="file://$USER_HOME$/opt/anaconda3/envs/tensorflow/lib/python3.7" type="simple" />
            <root url="file://$USER_HOME$/opt/anaconda3/envs/tensorflow/lib/python3.7/lib-dynload" type="simple" />
            <root url="file://$USER_HOME$/.local/lib/python3.7/site-packages" type="simple" />
            <root url="file://$USER_HOME$/opt/anaconda3/envs/tensorflow/lib/python3.7/site-packages" type="simple" />
            <root url="file://$USER_HOME$/Library/Caches/JetBrains/PyCharmCE2020.1/python_stubs/1770796339" type="simple" />
            <root url="file://$APPLICATION_HOME_DIR$/plugins/python-ce/helpers/python-skeletons" type="simple" />
            <root url="file://$APPLICATION_HOME_DIR$/plugins/python-ce/helpers/typeshed/stdlib/3.7" type="simple" />
            <root url="file://$APPLICATION_HOME_DIR$/plugins/python-ce/helpers/typeshed/stdlib/3" type="simple" />
            <root url="file://$APPLICATION_HOME_DIR$/plugins/python-ce/helpers/typeshed/stdlib/2and3" type="simple" />
            <root url="file://$APPLICATION_HOME_DIR$/plugins/python-ce/helpers/typeshed/third_party/3" type="simple" />
            <root url="file://$APPLICATION_HOME_DIR$/plugins/python-ce/helpers/typeshed/third_party/2and3" type="simple" />
          </root>
        </classPath>
        <sourcePath>
          <root type="composite" />
        </sourcePath>
      </roots>
      <additional ASSOCIATED_PROJECT_PATH="$USER_HOME$/work/code_space/dl_project" />
    </jdk>
  </component>
</application>