<application>
  <component name="ProjectManager">
    <defaultProject>
      <component name="MavenImportPreferences">
        <option name="generalSettings">
          <MavenGeneralSettings>
            <option name="mavenHome" value="$APPLICATION_HOME_DIR$/plugins/maven/lib/maven3" />
          </MavenGeneralSettings>
        </option>
      </component>
      <component name="PropertiesComponent">
        <property name="project.structure.last.edited" value="SDK Location" />
        <property name="project.structure.proportion" value="0.17" />
        <property name="project.structure.side.proportion" value="0.0" />
        <property name="settings.editor.selected.configurable" value="com.intellij.jarRepository.settings.RemoteRepositoriesConfigurable" />
      </component>
    </defaultProject>
  </component>
</application>